,surfaceAreaObj,compactnessObj,rectangularityObj,diameterObj,convexityObj,eccentricityObj
mean,4.690914014598541,0.23376562043795623,0.16986576642335766,1.804020802919708,0.3316138686131387,33.79711284671533
std,4.26057562645584,0.2526696614703371,0.1723549514607159,0.15312533967694614,0.29432303220029177,38.65690054851225
