,surfaceAreaObj,compactnessObj,rectangularityObj,diameterObj,convexityObj,eccentricityObj
mean,4.0491736275695285,0.21071711406690852,0.146716723095526,1.7656177871825878,0.2850243087464732,132.99846985086657
std,3.87456819685557,0.23990327795428534,0.16807724287905418,0.17434924959055562,0.2763023351917645,1425.3502788975889
