surfaceAreaObj,compactnessObj,rectangularityObj,diameterObj,convexityObj,eccentricityObj
4.049251316955297,0.21059840112766814,0.14664225130890052,1.7656730366492146,0.2848813854208619,132.8950249939589
3.8731258646853606,0.23984431322969413,0.16803535789165971,0.17432039599625584,0.27624861853231514,1424.7807784416689
